<?xml version='1.1' encoding='UTF-8'?>
<result plugin="junit@1.29">
  <suites>
    <suite>
      <file>C:\Windows\system32\config\systemprofile\AppData\Local\Jenkins.jenkins\workspace\IC2021March\temporary-junit-reports\TEST-0.xml</file>
      <name>MSTestSuite</name>
      <duration>0.0</duration>
      <time>0</time>
      <enclosingBlocks/>
      <enclosingBlockNames/>
      <cases>
        <case>
          <duration>0.0386</duration>
          <className>Jenkins.TestCase</className>
          <testName>Test1</testName>
          <skipped>false</skipped>
          <stdout>Test Context : Test case Test1&#xd;
Console : Test case Test1
</stdout>
          <failedSince>0</failedSince>
        </case>
        <case>
          <duration>6.5E-4</duration>
          <className>Jenkins.TestCase</className>
          <testName>Test4</testName>
          <skipped>false</skipped>
          <stdout>Test Context : Test case Test1&#xd;
Console : Test case Test1
</stdout>
          <failedSince>0</failedSince>
        </case>
        <case>
          <duration>0.001027</duration>
          <className>Jenkins.TestCase</className>
          <testName>Test2</testName>
          <skipped>false</skipped>
          <stdout>Test Context : Test case Test1&#xd;
Console : Test case Test1
</stdout>
          <failedSince>0</failedSince>
        </case>
        <case>
          <duration>7.42E-4</duration>
          <className>Jenkins.TestCase</className>
          <testName>Test3</testName>
          <skipped>false</skipped>
          <stdout>Test Context : Test case Test1&#xd;
Console : Test case Test1
</stdout>
          <failedSince>0</failedSince>
        </case>
        <case>
          <duration>0.033047</duration>
          <className>Jenkins.TestCase</className>
          <testName>Test1</testName>
          <skipped>false</skipped>
          <stdout>Test Context : Test case Test1&#xd;
Console : Test case Test1
</stdout>
          <failedSince>0</failedSince>
        </case>
        <case>
          <duration>7.429E-4</duration>
          <className>Jenkins.TestCase</className>
          <testName>Test2</testName>
          <skipped>false</skipped>
          <stdout>Test Context : Test case Test1&#xd;
Console : Test case Test1
</stdout>
          <failedSince>0</failedSince>
        </case>
        <case>
          <duration>3.97E-4</duration>
          <className>Jenkins.TestCase</className>
          <testName>Test4</testName>
          <skipped>false</skipped>
          <stdout>Test Context : Test case Test1&#xd;
Console : Test case Test1
</stdout>
          <failedSince>0</failedSince>
        </case>
        <case>
          <duration>5.28E-4</duration>
          <className>Jenkins.TestCase</className>
          <testName>Test3</testName>
          <skipped>false</skipped>
          <stdout>Test Context : Test case Test1&#xd;
Console : Test case Test1
</stdout>
          <failedSince>0</failedSince>
        </case>
        <case>
          <duration>0.037629</duration>
          <className>Jenkins.TestCase</className>
          <testName>Test1</testName>
          <skipped>false</skipped>
          <stdout>Test Context : Test case Test1&#xd;
Console : Test case Test1
</stdout>
          <failedSince>0</failedSince>
        </case>
        <case>
          <duration>0.00176</duration>
          <className>Jenkins.TestCase</className>
          <testName>Test3</testName>
          <skipped>false</skipped>
          <stdout>Test Context : Test case Test1&#xd;
Console : Test case Test1
</stdout>
          <failedSince>0</failedSince>
        </case>
        <case>
          <duration>6.87E-4</duration>
          <className>Jenkins.TestCase</className>
          <testName>Test2</testName>
          <skipped>false</skipped>
          <stdout>Test Context : Test case Test1&#xd;
Console : Test case Test1
</stdout>
          <failedSince>0</failedSince>
        </case>
        <case>
          <duration>9.84E-4</duration>
          <className>Jenkins.TestCase</className>
          <testName>Test4</testName>
          <skipped>false</skipped>
          <stdout>Test Context : Test case Test1&#xd;
Console : Test case Test1
</stdout>
          <failedSince>0</failedSince>
        </case>
        <case>
          <duration>6.04E-4</duration>
          <className>Jenkins.TestCase</className>
          <testName>Test3</testName>
          <skipped>false</skipped>
          <stdout>Test Context : Test case Test1&#xd;
Console : Test case Test1
</stdout>
          <failedSince>0</failedSince>
        </case>
        <case>
          <duration>0.040395</duration>
          <className>Jenkins.TestCase</className>
          <testName>Test1</testName>
          <skipped>false</skipped>
          <stdout>Test Context : Test case Test1&#xd;
Console : Test case Test1
</stdout>
          <failedSince>0</failedSince>
        </case>
        <case>
          <duration>5.97E-4</duration>
          <className>Jenkins.TestCase</className>
          <testName>Test4</testName>
          <skipped>false</skipped>
          <stdout>Test Context : Test case Test1&#xd;
Console : Test case Test1
</stdout>
          <failedSince>0</failedSince>
        </case>
        <case>
          <duration>8.74E-4</duration>
          <className>Jenkins.TestCase</className>
          <testName>Test2</testName>
          <skipped>false</skipped>
          <stdout>Test Context : Test case Test1&#xd;
Console : Test case Test1
</stdout>
          <failedSince>0</failedSince>
        </case>
        <case>
          <duration>0.001521</duration>
          <className>Jenkins.TestCase</className>
          <testName>Test2</testName>
          <skipped>false</skipped>
          <stdout>Test Context : Test case Test1&#xd;
Console : Test case Test1
</stdout>
          <failedSince>0</failedSince>
        </case>
        <case>
          <duration>0.001263</duration>
          <className>Jenkins.TestCase</className>
          <testName>Test4</testName>
          <skipped>false</skipped>
          <stdout>Test Context : Test case Test1&#xd;
Console : Test case Test1
</stdout>
          <failedSince>0</failedSince>
        </case>
        <case>
          <duration>0.043621</duration>
          <className>Jenkins.TestCase</className>
          <testName>Test1</testName>
          <skipped>false</skipped>
          <stdout>Test Context : Test case Test1&#xd;
Console : Test case Test1
</stdout>
          <failedSince>0</failedSince>
        </case>
        <case>
          <duration>0.001627</duration>
          <className>Jenkins.TestCase</className>
          <testName>Test3</testName>
          <skipped>false</skipped>
          <stdout>Test Context : Test case Test1&#xd;
Console : Test case Test1
</stdout>
          <failedSince>0</failedSince>
        </case>
      </cases>
    </suite>
  </suites>
  <duration>0.0</duration>
  <keepLongStdio>true</keepLongStdio>
</result>