<?xml version='1.1' encoding='UTF-8'?>
<result plugin="junit@1.29">
  <suites>
    <suite>
      <file>C:\Windows\system32\config\systemprofile\AppData\Local\Jenkins.jenkins\workspace\CI_IC2021\temporary-junit-reports\TEST-0.xml</file>
      <name>MSTestSuite</name>
      <duration>0.0</duration>
      <time>0</time>
      <enclosingBlocks/>
      <enclosingBlockNames/>
      <cases>
        <case>
          <duration>4.89E-4</duration>
          <className>Jenkins.TestCase</className>
          <testName>Test6</testName>
          <skipped>false</skipped>
          <stdout>Test Context : Test case Test5&#xd;
Console : Test case Test5
</stdout>
          <failedSince>0</failedSince>
        </case>
        <case>
          <duration>0.044567</duration>
          <className>Jenkins.TestCase</className>
          <testName>Test1</testName>
          <skipped>false</skipped>
          <stdout>Test Context : Test case Test1&#xd;
Console : Test case Test1
</stdout>
          <failedSince>0</failedSince>
        </case>
        <case>
          <duration>4.03E-4</duration>
          <className>Jenkins.TestCase</className>
          <testName>Test4</testName>
          <skipped>false</skipped>
          <stdout>Test Context : Test case Test1&#xd;
Console : Test case Test1
</stdout>
          <failedSince>0</failedSince>
        </case>
        <case>
          <duration>6.23E-4</duration>
          <className>Jenkins.TestCase</className>
          <testName>Test2</testName>
          <skipped>false</skipped>
          <stdout>Test Context : Test case Test1&#xd;
Console : Test case Test1
</stdout>
          <failedSince>0</failedSince>
        </case>
        <case>
          <duration>4.66E-4</duration>
          <className>Jenkins.TestCase</className>
          <testName>Test3</testName>
          <skipped>false</skipped>
          <stdout>Test Context : Test case Test1&#xd;
Console : Test case Test1
</stdout>
          <failedSince>0</failedSince>
        </case>
        <case>
          <duration>0.011105</duration>
          <className>Jenkins.TestCase</className>
          <testName>Test5</testName>
          <skipped>false</skipped>
          <errorStackTrace>   at Jenkins.TestCase.Test5() in C:\Windows\system32\config\systemprofile\AppData\Local\Jenkins.jenkins\workspace\CI_IC2021\TestCase.cs:line 14&#xd;
</errorStackTrace>
          <stdout>Test Context : Test case Test5&#xd;
Console : Test case Test5
</stdout>
          <failedSince>10</failedSince>
        </case>
      </cases>
    </suite>
  </suites>
  <duration>0.0</duration>
  <keepLongStdio>true</keepLongStdio>
</result>