<?xml version='1.1' encoding='UTF-8'?>
<result plugin="junit@1.29">
  <suites>
    <suite>
      <file>C:\Windows\system32\config\systemprofile\AppData\Local\Jenkins.jenkins\workspace\IC2021March\temporary-junit-reports\TEST-0.xml</file>
      <name>MSTestSuite</name>
      <duration>0.0</duration>
      <time>0</time>
      <enclosingBlocks/>
      <enclosingBlockNames/>
      <cases>
        <case>
          <duration>0.001171</duration>
          <className>Jenkins.TestCase</className>
          <testName>Test3</testName>
          <skipped>false</skipped>
          <stdout>Test Context : Test case Test1&#xd;
Console : Test case Test1
</stdout>
          <failedSince>0</failedSince>
        </case>
        <case>
          <duration>8.77E-4</duration>
          <className>Jenkins.TestCase</className>
          <testName>Test2</testName>
          <skipped>false</skipped>
          <stdout>Test Context : Test case Test1&#xd;
Console : Test case Test1
</stdout>
          <failedSince>0</failedSince>
        </case>
        <case>
          <duration>0.029974</duration>
          <className>Jenkins.TestCase</className>
          <testName>Test1</testName>
          <skipped>false</skipped>
          <stdout>Test Context : Test case Test1&#xd;
Console : Test case Test1
</stdout>
          <failedSince>0</failedSince>
        </case>
        <case>
          <duration>0.001614</duration>
          <className>Jenkins.TestCase</className>
          <testName>Test4</testName>
          <skipped>false</skipped>
          <stdout>Test Context : Test case Test1&#xd;
Console : Test case Test1
</stdout>
          <failedSince>0</failedSince>
        </case>
        <case>
          <duration>4.32E-4</duration>
          <className>Jenkins.TestCase</className>
          <testName>Test4</testName>
          <skipped>false</skipped>
          <stdout>Test Context : Test case Test1&#xd;
Console : Test case Test1
</stdout>
          <failedSince>0</failedSince>
        </case>
        <case>
          <duration>0.001214</duration>
          <className>Jenkins.TestCase</className>
          <testName>Test2</testName>
          <skipped>false</skipped>
          <stdout>Test Context : Test case Test1&#xd;
Console : Test case Test1
</stdout>
          <failedSince>0</failedSince>
        </case>
        <case>
          <duration>0.038048</duration>
          <className>Jenkins.TestCase</className>
          <testName>Test1</testName>
          <skipped>false</skipped>
          <stdout>Test Context : Test case Test1&#xd;
Console : Test case Test1
</stdout>
          <failedSince>0</failedSince>
        </case>
        <case>
          <duration>0.0100319</duration>
          <className>Jenkins.TestCase</className>
          <testName>Test5</testName>
          <skipped>false</skipped>
          <errorStackTrace>   at Jenkins.TestCase.Test5() in C:\Windows\system32\config\systemprofile\AppData\Local\Jenkins.jenkins\workspace\IC2021March\TestCase.cs:line 14&#xd;
</errorStackTrace>
          <stdout>Test Context : Test case Test5&#xd;
Console : Test case Test5
</stdout>
          <failedSince>10</failedSince>
        </case>
        <case>
          <duration>5.7E-4</duration>
          <className>Jenkins.TestCase</className>
          <testName>Test3</testName>
          <skipped>false</skipped>
          <stdout>Test Context : Test case Test1&#xd;
Console : Test case Test1
</stdout>
          <failedSince>0</failedSince>
        </case>
        <case>
          <duration>4.22E-4</duration>
          <className>Jenkins.TestCase</className>
          <testName>Test4</testName>
          <skipped>false</skipped>
          <stdout>Test Context : Test case Test1&#xd;
Console : Test case Test1
</stdout>
          <failedSince>0</failedSince>
        </case>
        <case>
          <duration>7.93E-4</duration>
          <className>Jenkins.TestCase</className>
          <testName>Test2</testName>
          <skipped>false</skipped>
          <stdout>Test Context : Test case Test1&#xd;
Console : Test case Test1
</stdout>
          <failedSince>0</failedSince>
        </case>
        <case>
          <duration>0.011021</duration>
          <className>Jenkins.TestCase</className>
          <testName>Test5</testName>
          <skipped>false</skipped>
          <errorStackTrace>   at Jenkins.TestCase.Test5() in C:\Windows\system32\config\systemprofile\AppData\Local\Jenkins.jenkins\workspace\IC2021March\TestCase.cs:line 14&#xd;
</errorStackTrace>
          <stdout>Test Context : Test case Test5&#xd;
Console : Test case Test5
</stdout>
          <failedSince>10</failedSince>
        </case>
        <case>
          <duration>0.036986</duration>
          <className>Jenkins.TestCase</className>
          <testName>Test1</testName>
          <skipped>false</skipped>
          <stdout>Test Context : Test case Test1&#xd;
Console : Test case Test1
</stdout>
          <failedSince>0</failedSince>
        </case>
        <case>
          <duration>5.63E-4</duration>
          <className>Jenkins.TestCase</className>
          <testName>Test3</testName>
          <skipped>false</skipped>
          <stdout>Test Context : Test case Test1&#xd;
Console : Test case Test1
</stdout>
          <failedSince>0</failedSince>
        </case>
        <case>
          <duration>0.01643</duration>
          <className>Jenkins.TestCase</className>
          <testName>Test5</testName>
          <skipped>false</skipped>
          <errorStackTrace>   at Jenkins.TestCase.Test5() in C:\Windows\system32\config\systemprofile\AppData\Local\Jenkins.jenkins\workspace\IC2021March\TestCase.cs:line 14&#xd;
</errorStackTrace>
          <stdout>Test Context : Test case Test5&#xd;
Console : Test case Test5
</stdout>
          <failedSince>10</failedSince>
        </case>
        <case>
          <duration>6.64E-4</duration>
          <className>Jenkins.TestCase</className>
          <testName>Test6</testName>
          <skipped>false</skipped>
          <stdout>Test Context : Test case Test5&#xd;
Console : Test case Test5
</stdout>
          <failedSince>0</failedSince>
        </case>
        <case>
          <duration>4.61E-4</duration>
          <className>Jenkins.TestCase</className>
          <testName>Test4</testName>
          <skipped>false</skipped>
          <stdout>Test Context : Test case Test1&#xd;
Console : Test case Test1
</stdout>
          <failedSince>0</failedSince>
        </case>
        <case>
          <duration>6.08E-4</duration>
          <className>Jenkins.TestCase</className>
          <testName>Test3</testName>
          <skipped>false</skipped>
          <stdout>Test Context : Test case Test1&#xd;
Console : Test case Test1
</stdout>
          <failedSince>0</failedSince>
        </case>
        <case>
          <duration>6.28E-4</duration>
          <className>Jenkins.TestCase</className>
          <testName>Test2</testName>
          <skipped>false</skipped>
          <stdout>Test Context : Test case Test1&#xd;
Console : Test case Test1
</stdout>
          <failedSince>0</failedSince>
        </case>
        <case>
          <duration>0.043441</duration>
          <className>Jenkins.TestCase</className>
          <testName>Test1</testName>
          <skipped>false</skipped>
          <stdout>Test Context : Test case Test1&#xd;
Console : Test case Test1
</stdout>
          <failedSince>0</failedSince>
        </case>
      </cases>
    </suite>
  </suites>
  <duration>0.0</duration>
  <keepLongStdio>true</keepLongStdio>
</result>